{
  "id": "russian-regions",
  "name": { "en": "Russian Regions", "ru": "Регионы России" },
  "minimumZoomDistance": 1000000.0,
  "view": {
    "destination": {
      "west": 20,
      "south": 40,
      "north": 90,
      "east": 180,
      "units": "degrees"
    }
  },
  "items": [{
    "id": "adygea-republic",
    "name": { "en": "Republic of Adygea", "ru": "Республика Адыгея" },
    "path": "russian-regions/adygea-republic.json"
  }, {
    "id": "altai-region",
    "name": { "en": "Altai Region", "ru": "Алтайский край" },
    "path": "russian-regions/altai-region.json"
  }, {
    "id": "altai-republic",
    "name": { "en": "Altai Republic", "ru": "Республика Алтай" },
    "path": "russian-regions/altai-republic.json"
  }, {
    "id": "amur-region",
    "name": { "en": "Amur region", "ru": "Амурская область" },
    "path": "russian-regions/amur-region.json"
  }, {
    "id": "arkhangelsk-region",
    "name": { "en": "Arkhangelsk Region", "ru": "Архангельская область" },
    "path": "russian-regions/arkhangelsk-region.json"
  }, {
    "id": "astrakhan-region",
    "name": { "en": "Astrakhan Region", "ru": "Астраханская область" },
    "path": "russian-regions/astrakhan-region.json"
  }, {
    "id": "bashkortostan-republic",
    "name": { "en": "Republic of Bashkortostan", "ru": "Республика Башкортостан" },
    "path": "russian-regions/bashkortostan-republic.json"
  }, {
    "id": "belgorod-region",
    "name": { "en": "Belgorod Region", "ru": "Белгородская область" },
    "path": "russian-regions/belgorod-region.json"
  }, {
    "id": "bryansk-region",
    "name": { "en": "Bryansk Region", "ru": "Брянская область" },
    "path": "russian-regions/bryansk-region.json"
  }, {
    "id": "buryatia-republic",
    "name": { "en": "Republic of Buryatia", "ru": "Республика Бурятия" },
    "path": "russian-regions/buryatia-republic.json"
  }, {
    "id": "chechen-republic",
    "name": { "en": "Checkhen Republic", "ru": "Чеченская республика" },
    "path": "russian-regions/chechen-republic.json"
  }, {
    "id": "chelyabinsk-region",
    "name": { "en": "Chelyabinsk Region", "ru": "Челябинская область" },
    "path": "russian-regions/chelyabinsk-region.json"
  }, {
    "id": "chukotka-autonomous-okrug",
    "name": { "en": "Chukotka Autonomous Okrug", "ru": "Чукотский автономный округ" },
    "path": "russian-regions/chukotka-autonomous-okrug.json"
  }, {
    "id": "chuvash-republic",
    "name": { "en": "Chuvash Republic", "ru": "Чувашская республика" },
    "path": "russian-regions/chuvash-republic.json"
  }, {
    "id": "crimea-republic",
    "name": { "en": "Republic of Crimea", "ru": "Республика Крым" },
    "path": "russian-regions/crimea-republic.json"
  }, {
    "id": "dagestan-republic",
    "name": { "en": "Republic of Dagestan", "ru": "Республика Дагестан" },
    "path": "russian-regions/dagestan-republic.json"
  }, {
    "id": "ingushetia-republic",
    "name": { "en": "Republic of Ingushetia", "ru": "Республика Ингушетия" },
    "path": "russian-regions/ingushetia-republic.json"
  }, {
    "id": "irkutsk-region",
    "name": { "en": "Irkutsk Region", "ru": "Иркутская область" },
    "path": "russian-regions/irkutsk-region.json"
  }, {
    "id": "ivanovo-region",
    "name": { "en": "Ivanovo Region", "ru": "Ивановская область" },
    "path": "russian-regions/ivanovo-region.json"
  }, {
    "id": "jewish-autonomous-region",
    "name": { "en": "Jewish Autonomous Region", "ru": "Еврейская автономная область" },
    "path": "russian-regions/jewish-autonomous-region.json"
  }, {
    "id": "kabardino-balkar-republic",
    "name": { "en": "Kabardino-Balkar Republic", "ru": "Кабардино-Балкарская республика" },
    "path": "russian-regions/kabardino-balkar-republic.json"
  }, {
    "id": "kaliningrad-region",
    "name": { "en": "Kaliningrad Region", "ru": "Калининградская область" },
    "path": "russian-regions/kaliningrad-region.json"
  }, {
    "id": "kalmykia-republic",
    "name": { "en": "Republic of Kalmykia", "ru": "Республика Калмыкия" },
    "path": "russian-regions/kalmykia-republic.json"
  }, {
    "id": "kaluga-region",
    "name": { "en": "Kaluga Region", "ru": "Калужская область" },
    "path": "russian-regions/kaluga-region.json"
  }, {
    "id": "kamchatka-region",
    "name": { "en": "Kamchatka Region", "ru": "Камчатская область" },
    "path": "russian-regions/kamchatka-region.json"
  }, {
    "id": "karachay-cherkess-republic",
    "name": { "en": "Karachay-Cherkess Republic", "ru": "Карачаево-Черкесская республика" },
    "path": "russian-regions/karachay-cherkess-republic.json"
  }, {
    "id": "karelia-republic",
    "name": { "en": "Republic of Karelia", "ru": "Республика Карелия" },
    "path": "russian-regions/karelia-republic.json"
  }, {
    "id": "kemerovo-region",
    "name": { "en": "Kemerovo Region", "ru": "Кемеровская область" },
    "path": "russian-regions/kemerovo-region.json"
  }, {
    "id": "khabarovsk-region",
    "name": { "en": "Khabarosvk Region", "ru": "Хабаровский край" },
    "path": "russian-regions/khabarovsk-region.json"
  }, {
    "id": "khakassia-republic",
    "name": { "en": "Republic of Khakassia", "ru": "Республика Хакасия" },
    "path": "russian-regions/khakassia-republic.json"
  }, {
    "id": "khanty-mansi-autonomous-okrug-yugra",
    "name": { "en": "Khanty-Mansi Autonomous Okrug — Yugra", "ru": "Ханты-Мансийский автономный округ — Югра" },
    "path": "russian-regions/khanty-mansi-autonomous-okrug-yugra.json"
  }, {
    "id": "kirov-region",
    "name": { "en": "Kirov region", "ru": "Кировская область" },
    "path": "russian-regions/kirov-region.json"
  }, {
    "id": "komi-republic",
    "name": { "en": "Komi republic", "ru": "Республика Коми" },
    "path": "russian-regions/komi-republic.json"
  }, {
    "id": "kostroma-region",
    "name": { "en": "Kostroma Region", "ru": "Костромская область" },
    "path": "russian-regions/kostroma-region.json"
  }, {
    "id": "krasnodar-region",
    "name": { "en": "Krasnodar Region", "ru": "Краснодарский край" },
    "path": "russian-regions/krasnodar-region.json"
  }, {
    "id": "krasnoyarsk-region",
    "name": { "en": "Krasnoyarks Region", "ru": "Красноярский край" },
    "path": "russian-regions/krasnoyarsk-region.json"
  }, {
    "id": "kurgan-region",
    "name": { "en": "Kurgan Region", "ru": "Курганская область" },
    "path": "russian-regions/kurgan-region.json"
  }, {
    "id": "kursk-region",
    "name": { "en": "Kurks Region", "ru": "Курская область" },
    "path": "russian-regions/kursk-region.json"
  }, {
    "id": "leningrad-region",
    "name": { "en": "Leningrad Region", "ru": "Ленинградская область" },
    "path": "russian-regions/leningrad-region.json"
  }, {
    "id": "lipetsk-region",
    "name": { "en": "Lipetsk Region", "ru": "Липецкая область" },
    "path": "russian-regions/lipetsk-region.json"
  }, {
    "id": "magadan-region",
    "name": { "en": "Magadan Region", "ru": "Магаданская область" },
    "path": "russian-regions/magadan-region.json"
  }, {
    "id": "mari-el-republic",
    "name": { "en": "Mari El Republic", "ru": "Республика Марий-Эл" },
    "path": "russian-regions/mari-el-republic.json"
  }, {
    "id": "mordovia-republic",
    "name": { "en": "Republic of Mordovia", "ru": "Республика Мордовия" },
    "path": "russian-regions/mordovia-republic.json"
  }, {
    "id": "moscow",
    "name": { "en": "Moscow", "ru": "Москва" },
    "path": "russian-regions/moscow.json"
  }, {
    "id": "moscow-region",
    "name": { "en": "Moscow Region", "ru": "Московская область" },
    "path": "russian-regions/moscow-region.json"
  }, {
    "id": "murmansk-region",
    "name": { "en": "Murmansk Region", "ru": "Мурманская область" },
    "path": "russian-regions/murmansk-region.json"
  }, {
    "id": "nenets-autonomous-okrug",
    "name": { "en": "Nenets Autonomous Okrug", "ru": "Ненецкий автономный округ" },
    "path": "russian-regions/nenets-autonomous-okrug.json"
  }, {
    "id": "nizhny-novgorod-region",
    "name": { "en": "Nizhny Novgorod Region", "ru": "Нижегородская область" },
    "path": "russian-regions/nizhny-novgorod-region.json"
  }, {
    "id": "north-ossetia-republic",
    "name": { "en": "North Ossetia (Alania) Republic", "ru": "Республика Северная Осетия (Алания)" },
    "path": "russian-regions/north-ossetia-republic.json"
  }, {
    "id": "novgorod-region",
    "name": { "en": "Novgorod Region", "ru": "Новгородская область" },
    "path": "russian-regions/novgorod-region.json"
  }, {
    "id": "novosibirsk-region",
    "name": { "en": "Novosibirsk Region", "ru": "Новосибирская область" },
    "path": "russian-regions/novosibirsk-region.json"
  }, {
    "id": "omsk-region",
    "name": { "en": "Omsk Region", "ru": "Омская область" },
    "path": "russian-regions/omsk-region.json"
  }, {
    "id": "orel-region",
    "name": { "en": "Orel Region", "ru": "Орловская область" },
    "path": "russian-regions/orel-region.json"
  }, {
    "id": "orenburg-region",
    "name": { "en": "Orenburg Region", "ru": "Оренбургская область" },
    "path": "russian-regions/orenburg-region.json"
  }, {
    "id": "penza-region",
    "name": { "en": "Penza Region", "ru": "Пензенская область" },
    "path": "russian-regions/penza-region.json"
  }, {
    "id": "perm-region",
    "name": { "en": "Perm Region", "ru": "Пермский край" },
    "path": "russian-regions/perm-region.json"
  }, {
    "id": "primorsky-region",
    "name": { "en": "Primorsky Region", "ru": "Приморский край" },
    "path": "russian-regions/primorsky-region.json"
  }, {
    "id": "pskov-region",
    "name": { "en": "Pskov Region", "ru": "Псковская область" },
    "path": "russian-regions/pskov-region.json"
  }, {
    "id": "rostov-region",
    "name": { "en": "Rostov Region", "ru": "Ростовская область" },
    "path": "russian-regions/rostov-region.json"
  }, {
    "id": "ryazan-region",
    "name": { "en": "Ryazan Region", "ru": "Рязанская область" },
    "path": "russian-regions/ryazan-region.json"
  }, {
    "id": "saint-petersburg",
    "name": { "en": "Saint Petersburg", "ru": "Санкт-Петербург" },
    "path": "russian-regions/saint-petersburg.json"
  }, {
    "id": "sakhalin-region",
    "name": { "en": "Sakhalin Region", "ru": "Сахалинская область" },
    "path": "russian-regions/sakhalin-region.json"
  }, {
    "id": "samara-region",
    "name": { "en": "Samara Region", "ru": "Самарская область" },
    "path": "russian-regions/samara-region.json"
  }, {
    "id": "saratov-region",
    "name": { "en": "Saratov Region", "ru": "Саратовская область" },
    "path": "russian-regions/saratov-region.json"
  }, {
    "id": "sevastopol",
    "name": { "en": "Sevastopol", "ru": "Севастополь" },
    "path": "russian-regions/sevastopol.json"
  }, {
    "id": "smolensk-region",
    "name": { "en": "Smolensk Region", "ru": "Смоленская область" },
    "path": "russian-regions/smolensk-region.json"
  }, {
    "id": "stavropol-region",
    "name": { "en": "Stavropol Region", "ru": "Ставропольский край" },
    "path": "russian-regions/stavropol-region.json"
  }, {
    "id": "sverdlovsk-region",
    "name": { "en": "Sverdlovsk Region", "ru": "Свердловская область" },
    "path": "russian-regions/sverdlovsk-region.json"
  }, {
    "id": "tambov-region",
    "name": { "en": "Tambov Region", "ru": "Тамбовская область" },
    "path": "russian-regions/tambov-region.json"
  }, {
    "id": "tatarstan-republic",
    "name": { "en": "Republic of Tatarstan", "ru": "Республика Татарстан" },
    "path": "russian-regions/tatarstan-republic.json"
  }, {
    "id": "tomsk-region",
    "name": { "en": "Tomsk Region", "ru": "Томская область" },
    "path": "russian-regions/tomsk-region.json"
  }, {
    "id": "tula-region",
    "name": { "en": "Tula Region", "ru": "Тульская область" },
    "path": "russian-regions/tula-region.json"
  }, {
    "id": "tuva-republic",
    "name": { "en": "Tuva Republic", "ru": "Республика Тыва" },
    "path": "russian-regions/tuva-republic.json"
  }, {
    "id": "tver-region",
    "name": { "en": "Tver Region", "ru": "Тверская область" },
    "path": "russian-regions/tver-region.json"
  }, {
    "id": "tyumen-region",
    "name": { "en": "Tyumen Region", "ru": "Тюменская область" },
    "path": "russian-regions/tyumen-region.json"
  }, {
    "id": "udmurt-republic",
    "name": { "en": "Udmurt Republic", "ru": "Удмуртская республика" },
    "path": "russian-regions/udmurt-republic.json"
  }, {
    "id": "ulyanovsk-region",
    "name": { "en": "Ulyanovsk Region", "ru": "Ульяновская область" },
    "path": "russian-regions/ulyanovsk-region.json"
  }, {
    "id": "vladimir-region",
    "name": { "en": "Vladimir Region", "ru": "Владимирская область" },
    "path": "russian-regions/vladimir-region.json"
  }, {
    "id": "volgograd-region",
    "name": { "en": "Volgograd Region", "ru": "Волгоградская область" },
    "path": "russian-regions/volgograd-region.json"
  }, {
    "id": "vologda-region",
    "name": { "en": "Vologda Region", "ru": "Вологодская область" },
    "path": "russian-regions/vologda-region.json"
  }, {
    "id": "voronezh-region",
    "name": { "en": "Voronezh Region", "ru": "Воронежская область" },
    "path": "russian-regions/voronezh-region.json"
  }, {
    "id": "yakutia-republic",
    "name": { "en": "Yakutia (Sakha) Republic", "ru": "Республика Якутия (Саха)" },
    "path": "russian-regions/yakutia-republic.json"
  }, {
    "id": "yamalo-nenets-autonomous-okrug",
    "name": { "en": "Yamalo-Nenets Autonomous Okrug", "ru": "Ямало-Ненецкий автономный округ" },
    "path": "russian-regions/yamalo-nenets-autonomous-okrug.json"
  }, {
    "id": "yaroslavl-region",
    "name": { "en": "Yaroslavl Region", "ru": "Ярославская область" },
    "path": "russian-regions/yaroslavl-region.json"
  }, {
    "id": "zabaykalsky-region",
    "name": { "en": "Zabaykalsky Region", "ru": "Забайкальский край" },
    "path": "russian-regions/zabaykalsky-region.json"
  }]
}
